"","sample.id","extraction.id","dna.extraction.batch","nanodrop.dna.concentration.ng.per.uL","A260.A280","A230.A260","DNA.volume.sent.for.library.prep.in.uL","water.volume.added.to.dilute.DNA.in.uL","DNA.concentration.sent.to.Dalhousie.nanodrop.ng.per.uL","sequencing.batch","plate.batch","sample.type","country","replicate","read_depth_afterDADA2","read.depth.compared.to.blanks","read_depth_afterTaxaRemoval","bead.basher.used","visit"
"2","D10","CD005A.3",9,113.117,1.95,2.06,15,0,113.117,1,1,"stool","Denmark","no",12928,"above",12928,"old","3"
"3","D100","CD072K.4",11,34.439,1.933,1.685,15,0,34.439,1,2,"stool","Denmark","no",22743,"above",22733,"old","4"
"7","D104","CD078U.2",11,25.063,1.969,2.019,15,0,25.063,1,2,"stool","Denmark","no",24513,"above",24513,"old","2"
"8","D105","CD078U.3",11,294.124,1.881,1.965,12.2397356217106,2.76026437828943,240,1,2,"stool","Denmark","no",11934,"below",11934,"old","3"
"9","D106","CD078U.4",11,177.608,1.853,1.562,15,0,177.608,1,2,"stool","Denmark","no",7954,"below",7954,"old","4"
"10","D107","CD080P.2",11,46.154,1.924,1.867,15,0,46.154,1,2,"stool","Denmark","no",34612,"above",34612,"old","2"
"11","D108","CD080P.3",11,127.176,1.912,2.187,15,0,127.176,1,2,"stool","Denmark","no",15705,"above",15705,"old","3"
"12","D109","CD080P.4",11,174.568,1.89,2.087,15,0,174.568,1,2,"stool","Denmark","no",9523,"below",9523,"old","4"
"13","D11","CD005A.4",9,80.923,1.935,2.042,15,0,80.923,1,1,"stool","Denmark","no",26804,"above",26804,"old","4"
"14","D110","CD082B.2",11,33.748,1.886,1.688,15,0,33.748,1,2,"stool","Denmark","no",32385,"above",32385,"old","2"
"15","D111","CD082B.3",11,22.662,1.97,1.997,15,0,22.662,1,2,"stool","Denmark","no",27190,"above",27190,"old","3"
"16","D112","CD082B.4",11,147.869,1.909,2.132,15,0,147.869,1,2,"stool","Denmark","no",9319,"below",9319,"old","4"
"17","D113","CD084N.2",11,226.211,1.895,2.112,15,0,226.211,1,2,"stool","Denmark","no",14770,"above",14770,"old","2"
"18","D114","CD084N.3",11,43.025,2.124,1.948,15,0,43.025,1,2,"stool","Denmark","no",9953,"below",9953,"old","3"
"19","D115","CD084N.4",11,61.108,1.956,2.006,15,0,61.108,1,2,"stool","Denmark","no",17887,"above",17887,"old","4"
"23","D119","CD090G.2",11,44.702,2.02,2.126,15,0,44.702,1,2,"stool","Denmark","no",19897,"above",19897,"old","2"
"24","D12","CD007M.2",9,46.692,1.998,1.987,15,0,46.692,1,1,"stool","Denmark","no",13780,"above",13780,"old","2"
"25","D120","CD090G.3",11,53.974,1.932,2.084,15,0,53.974,1,2,"stool","Denmark","no",14397,"above",14397,"old","3"
"26","D121","CD090G.4",11,111.068,1.904,1.883,15,0,111.068,1,2,"stool","Denmark","no",34941,"above",34941,"old","4"
"31","D126","CD093L.2",12,29.4,1.838,2.002,15,0,29.4,1,2,"stool","Denmark","no",25820,"above",25820,"old","2"
"32","D127","CD093L.3",12,101.873,1.913,2.12,15,0,101.873,1,2,"stool","Denmark","no",7941,"below",7941,"old","3"
"33","D128","CD093L.4",12,47.138,1.921,1.84,15,0,47.138,1,2,"stool","Denmark","no",20045,"above",20045,"old","4"
"34","D129","CD096Q.2",12,54.6,1.898,1.928,15,0,54.6,1,2,"stool","Denmark","no",24690,"above",24690,"old","2"
"35","D13","CD007M.3",9,213.236,1.918,2.134,15,0,213.236,1,1,"stool","Denmark","no",10160,"below",10160,"old","3"
"36","D130","CD096Q.3",12,68.376,1.899,1.967,15,0,68.376,1,2,"stool","Denmark","no",7630,"below",7630,"old","3"
"37","D131","CD096Q.4",12,47.154,1.91,1.994,15,0,47.154,1,2,"stool","Denmark","no",21417,"above",21417,"old","4"
"44","D138","CD104I.2",12,51.529,1.919,1.914,15,0,51.529,1,2,"stool","Denmark","no",23521,"above",23521,"old","2"
"45","D139","CD104I.3",12,206.75,1.894,2.118,15,0,206.75,1,2,"stool","Denmark","no",12485,"above",12485,"old","3"
"46","D14","CD007M.4",9,190.486,1.915,2.074,15,0,190.486,1,1,"stool","Denmark","no",16302,"above",16302,"old","4"
"47","D140","CD104I.4",12,150.686,1.87,1.712,15,0,150.686,1,2,"stool","Denmark","no",10742,"below",10742,"old","4"
"59","D151","CD114Z.2",12,102.334,1.91,2.116,15,0,102.334,1,2,"stool","Denmark","no",12753,"above",12753,"old","2"
"60","D152","CD114Z.3",12,101.232,1.935,2.112,15,0,101.232,1,2,"stool","Denmark","no",9002,"below",9002,"old","3"
"65","D157","CD118X.2",12,42.757,1.916,2.041,15,0,42.757,1,2,"stool","Denmark","no",27419,"above",27419,"old","2"
"66","D158","CD118X.3",12,27.835,1.918,1.691,15,0,27.835,1,2,"stool","Denmark","no",23332,"above",23332,"old","3"
"67","D159","CD118X.4",12,120.03,1.877,1.653,15,0,120.03,1,2,"stool","Denmark","no",8404,"below",8404,"old","4"
"69","D160","CD119Q.2",12,28.956,1.985,1.918,15,0,28.956,1,2,"stool","Denmark","no",28426,"above",28426,"old","2"
"70","D161","CD119Q.3",12,40.39,2.034,1.196,15,0,40.39,1,2,"stool","Denmark","no",10364,"below",10364,"old","3"
"71","D162","CD119Q.4",12,120.104,1.938,2.039,15,0,120.104,1,2,"stool","Denmark","no",6963,"below",6963,"old","4"
"75","D166","CD124Q.2",12,150.536,1.885,2.265,15,0,150.536,1,2,"stool","Denmark","no",25025,"above",25025,"old","2"
"76","D167","CD124Q.3",12,57.745,1.941,2.073,15,0,57.745,1,2,"stool","Denmark","no",27412,"above",27412,"old","3"
"77","D168","CD124Q.4",12,103.049,1.899,1.976,15,0,103.049,1,2,"stool","Denmark","no",23976,"above",23976,"old","4"
"78","D169","CD126C.2",12,125.064,1.92,2.203,15,0,125.064,1,2,"stool","Denmark","no",30816,"above",30816,"old","2"
"80","D170","CD126C.3",12,103.343,1.963,2.096,15,0,103.343,1,2,"stool","Denmark","no",10535,"below",10535,"old","3"
"81","D171","CD126C.4",12,240.142,1.905,2.088,14.9911302479366,0.0088697520633616,240,1,2,"stool","Denmark","no",10030,"below",10030,"old","4"
"82","D172","CD128O.2",12,115.45,1.92,2.128,15,0,115.45,1,2,"stool","Denmark","no",9426,"below",9426,"old","2"
"83","D173","CD128O.3",12,75.56,1.96,1.936,15,0,75.56,1,2,"stool","Denmark","no",23136,"above",23136,"old","3"
"84","D174","CD128O.4",12,174.32,1.901,2.184,15,0,174.32,1,2,"stool","Denmark","no",18412,"above",18412,"old","4"
"87","D177","CD130J.2",13,27.134,2.003,2.032,15,0,27.134,1,2,"stool","Denmark","no",41449,"above",41449,"old","2"
"88","D178","CD130J.3",13,39.405,1.958,1.925,15,0,39.405,1,2,"stool","Denmark","no",43855,"above",43855,"old","3"
"89","D179","CD130J.4",13,68.814,1.928,1.463,15,0,68.814,1,2,"stool","Denmark","no",16631,"above",16631,"old","4"
"90","D18","CD010A.2",9,63.109,1.929,1.991,15,0,63.109,1,1,"stool","Denmark","no",22673,"above",22673,"old","2"
"94","D183","CD137M.2",13,62.868,1.901,2.059,15,0,62.868,1,2,"stool","Denmark","no",27997,"above",27997,"old","2"
"95","D184","CD137M.3",13,42.545,1.951,1.926,15,0,42.545,1,2,"stool","Denmark","no",31568,"above",31568,"old","3"
"96","D185","CD137M.4",13,193.363,1.915,2.121,15,0,193.363,1,2,"stool","Denmark","no",43786,"above",43786,"old","4"
"97","D186","CD139Y.2",13,20.361,2.104,1.733,15,0,20.361,1,2,"stool","Denmark","no",31368,"above",31368,"old","2"
"98","D187","CD139Y.3",13,245.488,1.9,2.15,14.6646679267418,0.335332073258163,240,1,2,"stool","Denmark","no",23810,"above",23810,"old","3"
"99","D188","CD139Y.4",13,105.738,1.942,2.059,15,0,105.738,1,2,"stool","Denmark","no",18621,"above",18621,"old","4"
"100","D189","CD140A.2",13,11.378,2.679,1.164,15,0,11.378,1,2,"stool","Denmark","no",37000,"above",37000,"old","2"
"101","D19","CD010A.3",9,103.406,1.939,2.001,15,0,103.406,1,1,"stool","Denmark","no",7104,"below",7104,"old","3"
"102","D190","CD140A.3",13,49.407,2.004,1.932,15,0,49.407,1,2,"stool","Denmark","no",22354,"above",22354,"old","3"
"103","D191","CD140A.4",13,6.321,2.385,0.769,15,0,6.321,1,2,"stool","Denmark","no",15628,"above",15628,"old","4"
"107","D196","CD146K.2",13,40.988,2.053,1.7,15,0,40.988,1,3,"stool","Denmark","no",40306,"above",40306,"old","2"
"108","D197","CD146K.3",13,38.882,2.032,1.705,15,0,38.882,1,3,"stool","Denmark","no",39510,"above",39510,"old","3"
"109","D198","CD146K.4",13,208.912,1.91,2.114,15,0,208.912,1,3,"stool","Denmark","no",12797,"above",12797,"old","4"
"112","D20","CD010A.4",9,181.602,1.916,2.006,15,0,181.602,1,1,"stool","Denmark","no",12007,"below",12007,"old","4"
"113","D200","CD149P.2",14,83.237,1.883,2.07,15,0,83.237,1,3,"stool","Denmark","no",14967,"above",14967,"old","2"
"114","D201","CD149P.3",14,48.319,1.898,2.095,15,0,48.319,1,3,"stool","Denmark","no",56887,"above",56887,"old","3"
"115","D202","CD149P.4",14,118.817,1.869,1.818,15,0,118.817,1,3,"stool","Denmark","no",25231,"above",25231,"old","4"
"116","D203","CD150R.2",14,50.775,1.833,1.798,15,0,50.775,1,3,"stool","Denmark","no",16909,"above",16909,"old","2"
"117","D204","CD150R.3",14,9.723,1.702,1.402,15,0,9.723,1,3,"stool","Denmark","no",33660,"above",33660,"old","3"
"118","D205","CD150R.4",14,96.877,1.839,2.095,15,0,96.877,1,3,"stool","Denmark","no",25802,"above",25802,"old","4"
"119","D206","CD157U.2",14,69.322,1.848,1.978,15,0,69.322,1,3,"stool","Denmark","no",34875,"above",34875,"old","2"
"120","D207","CD157U.3",14,74.14,1.861,2.161,15,0,74.14,1,3,"stool","Denmark","no",32179,"above",32179,"old","3"
"121","D208","CD157U.4",14,83.888,1.849,2.071,15,0,83.888,1,3,"stool","Denmark","no",8998,"below",8998,"old","4"
"122","D209","CD159G.2",14,38.88,1.886,1.832,15,0,38.88,1,3,"stool","Denmark","no",43728,"above",43728,"old","2"
"123","D21","CD014Y.2",9,23.735,2.176,1.762,15,0,23.735,1,1,"stool","Denmark","no",36776,"above",36776,"old","2"
"124","D210","CD159G.3",14,35.722,1.87,1.822,15,0,35.722,1,3,"stool","Denmark","no",22044,"above",22044,"old","3"
"125","D211","CD159G.4",14,182.285,1.881,2.14,15,0,182.285,1,3,"stool","Denmark","no",13104,"above",13104,"old","4"
"126","D212","CD168E.2",14,110.498,1.891,2.188,15,0,110.498,1,3,"stool","Denmark","no",9930,"below",9930,"old","2"
"127","D213","CD168E.3",14,35.502,1.895,1.95,15,0,35.502,1,3,"stool","Denmark","no",29721,"above",29708,"old","3"
"128","D214","CD168E.4",14,94.274,1.826,2.111,15,0,94.274,1,3,"stool","Denmark","no",52456,"above",52456,"old","4"
"133","D219","CD171S.2",14,95.168,1.883,2.055,15,0,95.168,1,3,"stool","Denmark","no",33322,"above",33322,"old","2"
"134","D22","CD014Y.3",9,43.179,2.052,1.909,15,0,43.179,1,1,"stool","Denmark","no",27501,"above",27501,"old","3"
"135","D220","CD171S.3",14,43.489,1.878,1.909,15,0,43.489,1,3,"stool","Denmark","no",18405,"above",18405,"old","3"
"136","D221","CD171S.4",14,192.748,1.865,1.972,15,0,192.748,1,3,"stool","Denmark","no",14724,"above",14724,"old","4"
"137","D222","CD172L.2",14,124.612,1.857,2.044,15,0,124.612,1,3,"stool","Denmark","no",14213,"above",14213,"old","2"
"138","D223","CD172L.3",14,169.026,1.882,2.099,15,0,169.026,1,3,"stool","Denmark","no",9780,"below",9780,"old","3"
"139","D224","CD172L.4",14,127.273,1.876,2.024,15,0,127.273,1,3,"stool","Denmark","no",17736,"above",17736,"old","4"
"140","D225","CD176J.2",14,7.883,1.718,0.981,15,0,7.883,1,3,"stool","Denmark","no",42812,"above",42812,"old","2"
"141","D226","CD176J.3",14,51.651,1.937,1.952,15,0,51.651,1,3,"stool","Denmark","no",21629,"above",21629,"old","3"
"142","D227","CD176J.4",14,102.915,1.856,2.005,15,0,102.915,1,3,"stool","Denmark","no",52370,"above",52370,"old","4"
"143","D228","CD177C.2",14,108.688,1.922,2.082,15,0,108.688,1,3,"stool","Denmark","no",13867,"above",13867,"old","2"
"144","D229","CD177C.3",14,72.077,1.9,2.041,15,0,72.077,1,3,"stool","Denmark","no",26353,"above",26353,"old","3"
"145","D23","CD014Y.4",9,1.834,-1.823,0.336,15,0,1.834,1,1,"stool","Denmark","no",15247,"above",11175,"old","4"
"146","D230","CD177C.4",14,195.649,1.876,1.999,15,0,195.649,1,3,"stool","Denmark","no",9526,"below",9526,"old","4"
"147","D231","CD182C.2",14,139.199,1.908,2.124,15,0,139.199,1,3,"stool","Denmark","no",14668,"above",14666,"old","2"
"148","D232","CD182C.3",14,144.812,1.91,2.173,15,0,144.812,1,3,"stool","Denmark","no",32572,"above",32572,"old","3"
"149","D233","CD182C.4",14,74.852,1.883,2.071,15,0,74.852,1,3,"stool","Denmark","no",19850,"above",19850,"old","4"
"150","D234","CD183V.2",14,48.8,1.883,1.9,15,0,48.8,1,3,"stool","Denmark","no",31308,"above",31308,"old","2"
"151","D235","CD183V.3",14,37.56,1.87,1.745,15,0,37.56,1,3,"stool","Denmark","no",24702,"above",24702,"old","3"
"152","D236","CD183V.4",14,27.636,1.879,1.42,15,0,27.636,1,3,"stool","Denmark","no",10891,"below",10891,"old","4"
"153","D237","CD188M.2",14,60.562,1.962,1.904,15,0,60.562,1,3,"stool","Denmark","no",13210,"above",13210,"old","2"
"154","D238","CD188M.3",14,80.952,1.936,2.099,15,0,80.952,1,3,"stool","Denmark","no",24934,"above",24934,"old","3"
"155","D239","CD188M.4",14,8.33,2.371,0.93,15,0,8.33,1,3,"stool","Denmark","no",27469,"above",27457,"old","4"
"156","D24","CD018W.2",9,102.035,1.96,2.192,15,0,102.035,1,1,"stool","Denmark","no",13856,"above",13856,"old","2"
"160","D243","CD190H.2",14,35.448,1.924,1.893,15,0,35.448,1,3,"stool","Denmark","no",38646,"above",38646,"old","2"
"161","D244","CD190H.3",14,83.385,1.944,2.084,15,0,83.385,1,3,"stool","Denmark","no",18012,"above",18012,"old","3"
"162","D245","CD190H.4",14,23.396,1.995,1.658,15,0,23.396,1,3,"stool","Denmark","no",24240,"above",24228,"old","4"
"164","D247","CD191A.2",15,8.32,1.863,1.542,15,0,8.32,1,3,"stool","Denmark","no",69237,"above",69237,"old","2"
"165","D248","CD191A.3",15,36.121,1.834,2.126,15,0,36.121,1,3,"stool","Denmark","no",75724,"above",75724,"old","3"
"166","D249","CD191A.4",15,69.65,1.863,2.141,15,0,69.65,1,3,"stool","Denmark","no",33972,"above",33972,"old","4"
"167","D25","CD018W.3",9,103.577,1.938,2.131,15,0,103.577,1,1,"stool","Denmark","no",19484,"above",19484,"old","3"
"168","D250","CD199W.2",15,79.1,1.89,2.007,15,0,79.1,1,3,"stool","Denmark","no",22840,"above",22840,"old","2"
"169","D251","CD199W.3",15,60.888,1.891,2.084,15,0,60.888,1,3,"stool","Denmark","no",16616,"above",16616,"old","3"
"170","D252","CD199W.4",15,74.263,1.89,2.117,15,0,74.263,1,3,"stool","Denmark","no",26774,"above",26774,"old","4"
"171","D253","CD201E.2",15,47.921,1.888,1.921,15,0,47.921,1,3,"stool","Denmark","no",34801,"above",34801,"old","2"
"172","D254","CD201E.3",15,70.207,1.871,2.161,15,0,70.207,1,3,"stool","Denmark","no",20627,"above",20627,"old","3"
"173","D255","CD201E.4",15,143.675,1.895,2.179,15,0,143.675,1,3,"stool","Denmark","no",13757,"above",13757,"old","4"
"178","D26","CD018W.4",9,170.67,1.885,1.993,15,0,170.67,1,1,"stool","Denmark","no",11282,"below",11282,"old","4"
"181","D262","CD210C.2",15,130.892,1.9,2.161,15,0,130.892,1,3,"stool","Denmark","no",17377,"above",17377,"old","2"
"182","D263","CD210C.3",15,207.564,1.897,2.213,15,0,207.564,1,3,"stool","Denmark","no",12326,"above",12326,"old","3"
"183","D264","CD210C.4",15,135.921,1.874,2.186,15,0,135.921,1,3,"stool","Denmark","no",52484,"above",52484,"old","4"
"185","D266","CD211V.2",15,113.208,1.891,2.158,15,0,113.208,1,3,"stool","Denmark","no",13125,"above",13125,"old","2"
"186","D267","CD211V.3",15,67.874,1.921,2.028,15,0,67.874,1,3,"stool","Denmark","no",19957,"above",19957,"old","3"
"187","D268","CD211V.4",15,117.996,1.937,2.153,15,0,117.996,1,3,"stool","Denmark","no",13433,"above",13431,"old","4"
"192","D272","CD223Y.2",15,133.121,1.922,2.197,15,0,133.121,1,3,"stool","Denmark","no",19460,"above",19443,"old","2"
"193","D273","CD223Y.3",15,64.902,1.961,2.149,15,0,64.902,1,3,"stool","Denmark","no",25648,"above",25646,"old","3"
"194","D274","CD223Y.4",15,91.607,1.947,2.117,15,0,91.607,1,3,"stool","Denmark","no",47023,"above",47023,"old","4"
"195","D275","CD224R.2",15,160.262,1.905,2.237,15,0,160.262,1,3,"stool","Denmark","no",29757,"above",29757,"old","2"
"196","D276","CD224R.3",15,117.222,1.94,2.135,15,0,117.222,1,3,"stool","Denmark","no",11421,"below",11421,"old","3"
"197","D277","CD224R.4",15,135.911,1.919,2.116,15,0,135.911,1,3,"stool","Denmark","no",17252,"above",17252,"old","4"
"198","D278","CD238G.2",15,47.37,1.944,2.095,15,0,47.37,1,3,"stool","Denmark","no",47943,"above",47943,"old","2"
"199","D279","CD238G.3",15,154.291,1.925,2.203,15,0,154.291,1,3,"stool","Denmark","no",12202,"above",12202,"old","3"
"201","D280","CD238G.4",15,184.953,1.921,2.165,1.62203370586041,13.3779662941396,20,1,3,"stool","Denmark","yes",28951,"above",28951,"old","4"
"202","D281","CD245S.2",15,37.306,1.923,1.978,15,0,37.306,1,3,"stool","Denmark","no",123521,"above",123521,"old","2"
"203","D282","CD245S.3",15,62.794,1.913,2.19,15,0,62.794,1,3,"stool","Denmark","no",46076,"above",46076,"old","3"
"204","D283","CD245S.4",15,63.316,1.961,2.102,15,0,63.316,1,3,"stool","Denmark","no",37191,"above",37191,"old","4"
"205","D284","CD250S.2",15,53.49,1.96,2.022,15,0,53.49,1,3,"stool","Denmark","no",82115,"above",82115,"old","2"
"206","D285","CD250S.3",15,186.861,1.899,2.097,15,0,186.861,1,3,"stool","Denmark","no",36037,"above",36037,"old","3"
"207","D286","CD250S.4",15,61.029,1.94,1.337,15,0,61.029,1,3,"stool","Denmark","no",57012,"above",57012,"old","4"
"209","D289","CD257V.2x",24,18.554,2.287,2.035,15,0,18.554,1,4,"stool","Denmark","no",13959,"above",13959,"new","2"
"211","D290","CD257V.3",15,122.657,1.948,2.225,15,0,122.657,1,4,"stool","Denmark","no",12793,"above",12793,"old","3"
"212","D291","CD257V.4",15,125.5,1.937,2.167,15,0,125.5,1,4,"stool","Denmark","no",19230,"above",19230,"old","4"
"217","D296","CD259H.2",16,34.478,1.91,2.194,15,0,34.478,1,4,"stool","Denmark","no",35900,"above",35900,"old","2"
"218","D297","CD259H.3",16,63.065,1.938,2.148,15,0,63.065,1,4,"stool","Denmark","no",25020,"above",25020,"old","3"
"219","D298","CD259H.4",16,72.809,1.972,2.069,15,0,72.809,1,4,"stool","Denmark","no",23739,"above",23739,"old","4"
"220","D299","CD261C.2",16,15.162,2.086,1.265,15,0,15.162,1,4,"stool","Denmark","no",31807,"above",31807,"old","2"
"221","D3","CD003O.2",9,31.031,1.95,1.989,15,0,31.031,1,1,"stool","Denmark","no",15334,"above",15334,"old","2"
"223","D300","CD261C.3",16,50.116,1.947,2.045,15,0,50.116,1,4,"stool","Denmark","no",20040,"above",20040,"old","3"
"224","D301","CD261C.4",16,56.511,1.918,2.053,15,0,56.511,1,4,"stool","Denmark","no",29344,"above",29069,"old","4"
"225","D302","CD271T.2",16,21.499,2.045,1.942,15,0,21.499,1,4,"stool","Denmark","no",32680,"above",32680,"old","2"
"226","D303","CD271T.3",16,17.811,2.073,1.879,15,0,17.811,1,4,"stool","Denmark","no",35225,"above",35225,"old","3"
"227","D304","CD271T.4",16,125.971,1.901,2.004,15,0,125.971,1,4,"stool","Denmark","no",43421,"above",43421,"old","4"
"228","D305","CD273F.2",16,96.624,1.913,2.172,15,0,96.624,1,4,"stool","Denmark","no",63989,"above",63989,"old","2"
"229","D306","CD273F.3",16,114.474,1.892,2.212,15,0,114.474,1,4,"stool","Denmark","no",34559,"above",34559,"old","3"
"230","D307","CD273F.4",16,39.595,2.077,1.871,15,0,39.595,1,4,"stool","Denmark","no",29093,"above",29093,"old","4"
"231","D308","CD276K.2",16,77.576,1.926,2.062,15,0,77.576,1,4,"stool","Denmark","no",26203,"above",26203,"old","2"
"232","D309","CD276K.3",16,84.734,1.914,2.164,15,0,84.734,1,4,"stool","Denmark","no",18889,"above",18889,"old","3"
"233","D31","CD029G.2",10,63.685,1.913,1.933,15,0,63.685,1,1,"stool","Denmark","no",52681,"above",52681,"old","2"
"234","D310","CD276K.4",16,140.558,1.873,1.652,15,0,140.558,1,4,"stool","Denmark","no",16549,"above",16549,"old","4"
"235","D311","CD279P.2",16,65.738,1.944,2.091,15,0,65.738,1,4,"stool","Denmark","no",12104,"above",12104,"old","2"
"236","D312","CD279P.3",16,98.491,1.902,2.215,15,0,98.491,1,4,"stool","Denmark","no",21965,"above",21965,"old","3"
"237","D313","CD279P.4",16,67.651,1.88,2.068,15,0,67.651,1,4,"stool","Denmark","no",56842,"above",56842,"old","4"
"239","D315","CD280R.2",16,93.941,1.904,2.046,15,0,93.941,1,4,"stool","Denmark","no",28764,"above",28764,"old","2"
"240","D316","CD280R.3",16,43.301,1.893,2.164,15,0,43.301,1,4,"stool","Denmark","no",76583,"above",76583,"old","3"
"241","D317","CD280R.4",16,101.36,1.907,2.137,15,0,101.36,1,4,"stool","Denmark","no",21757,"above",21757,"old","4"
"242","D318","CD281K.2",16,98.894,1.859,2.29,15,0,98.894,1,4,"stool","Denmark","no",25221,"above",25221,"old","2"
"243","D319","CD281K.3",16,47.025,1.872,2.172,15,0,47.025,1,4,"stool","Denmark","no",53559,"above",53559,"old","3"
"244","D32","CD029G.3",10,57.681,1.922,1.916,15,0,57.681,1,1,"stool","Denmark","no",15633,"above",15633,"old","3"
"245","D320","CD281K.4",16,50.964,1.873,2.075,15,0,50.964,1,4,"stool","Denmark","no",24750,"above",24750,"old","4"
"246","D321","CD284P.2",16,62.845,1.872,2.27,15,0,62.845,1,4,"stool","Denmark","no",31659,"above",31659,"old","2"
"247","D322","CD284P.3",16,52.608,1.885,2.168,15,0,52.608,1,4,"stool","Denmark","no",30502,"above",30502,"old","3"
"248","D323","CD284P.4",16,170.34,1.874,2.18,15,0,170.34,1,4,"stool","Denmark","no",19494,"above",19494,"old","4"
"249","D324","CD285I.2",16,14.919,1.876,2.213,15,0,14.919,1,4,"stool","Denmark","no",17491,"above",17491,"old","2"
"250","D325","CD285I.3",16,114.826,1.872,2.263,15,0,114.826,1,4,"stool","Denmark","no",24772,"above",24772,"old","3"
"251","D326","CD285I.4",16,78.522,1.891,2.178,15,0,78.522,1,4,"stool","Denmark","no",28313,"above",28313,"old","4"
"252","D327","CD287U.2",16,41.076,1.819,2.176,15,0,41.076,1,4,"stool","Denmark","no",56479,"above",56479,"old","2"
"253","D328","CD287U.3",16,135.002,1.874,2.226,15,0,135.002,1,4,"stool","Denmark","no",17502,"above",17502,"old","3"
"254","D329","CD287U.4",16,59.717,1.854,2.261,15,0,59.717,1,4,"stool","Denmark","no",28554,"above",28546,"old","4"
"255","D33","CD029G.4",10,79.958,1.926,1.923,15,0,79.958,1,1,"stool","Denmark","no",17434,"above",17434,"old","4"
"256","D330","CD293N.2",16,177.999,1.865,2.285,15,0,177.999,1,4,"stool","Denmark","no",31447,"above",31447,"old","2"
"257","D331","CD293N.3",16,129.522,1.871,2.235,15,0,129.522,1,4,"stool","Denmark","no",83762,"above",83762,"old","3"
"258","D332","CD293N.4",16,59.219,1.834,2.164,15,0,59.219,1,4,"stool","Denmark","no",19319,"above",19305,"old","4"
"259","D333","CD296S.2",16,40.835,1.811,2.154,15,0,40.835,1,4,"stool","Denmark","no",8653,"below",8653,"old","2"
"260","D334","CD296S.3",16,67.924,1.846,2.197,15,0,67.924,1,4,"stool","Denmark","no",15434,"above",15434,"old","3"
"261","D335","CD296S.4",16,132.215,1.872,2.224,15,0,132.215,1,4,"stool","Denmark","no",37285,"above",37285,"old","4"
"262","D336","CD299X.2",16,25.216,1.771,2.388,15,0,25.216,1,4,"stool","Denmark","no",42818,"above",42818,"old","2"
"263","D337","CD299X.3",16,24.486,1.877,1.934,15,0,24.486,1,4,"stool","Denmark","no",18642,"above",18642,"old","3"
"264","D338","CD299X.4",16,20.474,1.754,2.07,15,0,20.474,1,4,"stool","Denmark","no",48071,"above",48071,"old","4"
"265","D339","CD303R.2",16,75.375,1.863,2.276,15,0,75.375,1,4,"stool","Denmark","no",40860,"above",40860,"old","2"
"266","D34","CD030I.2x",24,77.451,1.954,2.215,15,0,77.451,1,1,"stool","Denmark","no",12815,"above",12815,"new","2"
"267","D340","CD303R.3",16,53.495,1.811,1.764,15,0,53.495,1,4,"stool","Denmark","no",34983,"above",34983,"old","3"
"268","D341","CD303R.4",16,192.921,1.849,2.155,15,0,192.921,1,4,"stool","Denmark","no",14709,"above",14709,"old","4"
"270","D343","CD305D.2",17,20.555,1.828,1.761,15,0,20.555,1,4,"stool","Denmark","no",35005,"above",35005,"old","2"
"271","D344","CD305D.3",17,15.147,1.783,1.516,15,0,15.147,1,4,"stool","Denmark","no",44479,"above",44479,"old","3"
"272","D345","CD305D.4",17,63.033,1.88,2.052,15,0,63.033,1,4,"stool","Denmark","no",46050,"above",46050,"old","4"
"273","D346","CD309B.2",17,85.362,1.891,2.032,15,0,85.362,1,4,"stool","Denmark","no",26340,"above",26340,"old","2"
"274","D347","CD309B.3",17,54.838,1.875,1.977,15,0,54.838,1,4,"stool","Denmark","no",33631,"above",33631,"old","3"
"275","D348","CD309B.4",17,41.936,1.838,1.879,15,0,41.936,1,4,"stool","Denmark","no",23321,"above",23321,"old","4"
"276","D349","CD312P.2",17,8.162,1.799,1.059,15,0,8.162,1,4,"stool","Denmark","no",27676,"above",27676,"old","2"
"277","D35","CD030I.3",10,63.056,1.947,1.769,15,0,63.056,1,1,"stool","Denmark","no",9539,"below",9539,"old","3"
"278","D350","CD312P.3",17,23.777,1.788,1.719,15,0,23.777,1,4,"stool","Denmark","no",37905,"above",37905,"old","3"
"279","D351","CD312P.4",17,77.959,1.885,2.094,15,0,77.959,1,4,"stool","Denmark","no",17173,"above",17173,"old","4"
"280","D352","CD318Z.2",17,86.284,1.838,2.195,15,0,86.284,1,4,"stool","Denmark","no",47529,"above",47529,"old","2"
"281","D353","CD318Z.3",17,152.241,1.88,2.132,15,0,152.241,1,4,"stool","Denmark","no",21243,"above",21243,"old","3"
"282","D354","CD318Z.4",17,231.91,1.872,1.833,15,0,231.91,1,4,"stool","Denmark","no",17204,"above",17204,"old","4"
"283","D355","CD329J.2",17,136.379,1.878,2.127,15,0,136.379,1,4,"stool","Denmark","no",28812,"above",28812,"old","2"
"284","D356","CD329J.3",17,93.609,1.873,2.051,15,0,93.609,1,4,"stool","Denmark","no",35573,"above",35573,"old","3"
"285","D357","CD329J.4",17,104.929,1.87,1.87,15,0,104.929,1,4,"stool","Denmark","no",18983,"above",18983,"old","4"
"286","D358","CD335C.2",17,98.78,1.871,2.038,15,0,98.78,1,4,"stool","Denmark","no",19234,"above",19234,"old","2"
"287","D359","CD335C.3",17,138.42,1.884,2.147,15,0,138.42,1,4,"stool","Denmark","no",9207,"below",9207,"old","3"
"288","D36","CD030I.4",10,95.009,1.934,1.993,15,0,95.009,1,1,"stool","Denmark","no",18783,"above",18783,"old","4"
"289","D360","CD335C.4",17,238.685,1.864,2.093,15,0,238.685,1,4,"stool","Denmark","no",18650,"above",18650,"old","4"
"290","D361","CD337O.2",17,20.073,1.79,1.631,15,0,20.073,1,4,"stool","Denmark","no",44846,"above",44846,"old","2"
"291","D362","CD337O.3",17,49.875,1.831,1.851,15,0,49.875,1,4,"stool","Denmark","no",51672,"above",51672,"old","3"
"292","D363","CD337O.4",17,44.081,1.806,1.777,15,0,44.081,1,4,"stool","Denmark","no",78510,"above",78510,"old","4"
"294","D365","CD355K.2",18,34.877,1.927,2.087,15,0,34.877,1,4,"stool","Denmark","no",40597,"above",40597,"new","2"
"295","D366","CD355K.3",18,30.523,1.98,1.608,15,0,30.523,1,4,"stool","Denmark","no",30112,"above",30112,"new","3"
"296","D367","CD355K.4",18,92.514,1.858,2.207,15,0,92.514,1,4,"stool","Denmark","no",39945,"above",39945,"new","4"
"297","D368","CD356D.2",18,47.723,1.943,1.404,15,0,47.723,1,4,"stool","Denmark","no",23745,"above",23745,"new","2"
"298","D369","CD356D.3",18,78.796,1.941,1.564,15,0,78.796,1,4,"stool","Denmark","no",50861,"above",50838,"new","3"
"299","D37","CD031B.2",10,46.632,1.916,1.687,15,0,46.632,1,1,"stool","Denmark","no",27379,"above",27379,"old","2"
"300","D370","CD356D.4",18,62.425,1.95,2.178,15,0,62.425,1,4,"stool","Denmark","no",18874,"above",18874,"new","4"
"301","D371","CD363P.2",18,97.532,1.873,1.787,15,0,97.532,1,4,"stool","Denmark","no",78010,"above",78010,"new","2"
"302","D372","CD363P.3",18,40.038,2.03,2.025,15,0,40.038,1,4,"stool","Denmark","no",28288,"above",28288,"new","3"
"303","D373","CD363P.4",18,89.913,1.919,1.821,15,0,89.913,1,4,"stool","Denmark","no",26469,"above",26469,"new","4"
"307","D377","CD368G.2",18,43.274,1.904,2.111,15,0,43.274,1,4,"stool","Denmark","no",52469,"above",52469,"new","2"
"308","D378","CD368G.3",18,75.917,1.941,2.252,15,0,75.917,1,4,"stool","Denmark","no",67238,"above",67238,"new","3"
"309","D379","CD368G.4",18,235.41,1.88,1.942,15,0,235.41,1,4,"stool","Denmark","no",20035,"above",20035,"new","4"
"310","D38","CD031B.3",10,24.433,1.943,1.62,15,0,24.433,1,1,"stool","Denmark","no",36877,"above",36877,"old","3"
"311","D380","CD370B.2",18,79.477,1.9,2.01,15,0,79.477,1,4,"stool","Denmark","no",78730,"above",78730,"new","2"
"312","D381","CD370B.3",18,101.966,1.936,2.133,15,0,101.966,1,4,"stool","Denmark","no",67704,"above",67704,"new","3"
"313","D382","CD370B.4",18,45.147,1.93,2.064,15,0,45.147,1,4,"stool","Denmark","no",50123,"above",50123,"new","4"
"316","D386","CD372N.2",18,186.131,1.871,2.028,15,0,186.131,2,5,"stool","Denmark","no",29363,"above",29363,"new","2"
"317","D387","CD372N.3",18,210.745,1.899,2.175,15,0,210.745,2,5,"stool","Denmark","no",18052,"above",18052,"new","3"
"318","D388","CD372N.4",18,95.209,1.904,2.005,15,0,95.209,2,5,"stool","Denmark","no",29675,"above",29675,"new","4"
"319","D389","CD376L.2",18,44.123,2.015,1.789,15,0,44.123,2,5,"stool","Denmark","no",40806,"above",40806,"new","2"
"320","D39","CD031B.4",10,29.752,1.92,1.428,15,0,29.752,1,1,"stool","Denmark","no",52454,"above",52454,"old","4"
"321","D390","CD376L.3",18,175.454,1.876,1.96,15,0,175.454,2,5,"stool","Denmark","no",38545,"above",38545,"new","3"
"322","D391","CD376L.4",18,138.175,1.864,1.856,15,0,138.175,2,5,"stool","Denmark","no",24165,"above",24165,"new","4"
"323","D392","CD378X.2",18,22.502,1.832,1.754,15,0,22.502,2,5,"stool","Denmark","no",17177,"above",17177,"new","2"
"324","D393","CD379Q.2",18,148.613,1.898,2.105,15,0,148.613,2,5,"stool","Denmark","no",27150,"above",27150,"new","2"
"325","D394","CD380S.2",18,34.534,1.827,1.856,15,0,34.534,2,5,"stool","Denmark","no",34862,"above",34862,"new","2"
"326","D395","CD382E.2",18,8.055,1.88,0.932,15,0,8.055,2,5,"stool","Denmark","no",43202,"above",43202,"new","2"
"327","D396","CD378X.3",18,113.802,1.898,1.93,15,0,113.802,2,5,"stool","Denmark","no",26199,"above",26199,"new","3"
"328","D397","CD379Q.3",18,113.1,1.94,2.105,15,0,113.1,2,5,"stool","Denmark","no",11565,"below",11565,"new","3"
"329","D398","CD380S.3",18,187.597,1.876,2.074,15,0,187.597,2,5,"stool","Denmark","no",13760,"above",13760,"new","3"
"330","D399","CD382E.3",18,15.872,1.792,1.29,15,0,15.872,2,5,"stool","Denmark","no",42983,"above",42983,"new","3"
"331","D4","CD003O.3",9,39.269,1.981,1.725,15,0,39.269,1,1,"stool","Denmark","no",29846,"above",29846,"old","3"
"332","D40","CD034G.2",10,120.885,1.909,1.949,15,0,120.885,1,1,"stool","Denmark","no",8749,"below",8749,"old","2"
"333","D400","CD378X.4",18,151.347,1.868,2.051,15,0,151.347,2,5,"stool","Denmark","no",46868,"above",46868,"new","4"
"334","D401","CD379Q.4",18,103.337,1.881,1.979,15,0,103.337,2,5,"stool","Denmark","no",43142,"above",43142,"new","4"
"335","D402","CD380S.4",18,85.638,1.864,1.766,15,0,85.638,2,5,"stool","Denmark","no",27051,"above",27051,"new","4"
"336","D403","CD382E.4",18,26.472,1.816,1.674,15,0,26.472,2,5,"stool","Denmark","no",37890,"above",37890,"new","4"
"343","D41","CD034G.3",10,75.77,1.936,1.993,15,0,75.77,1,1,"stool","Denmark","no",28241,"above",28241,"old","3"
"350","D416","CD114Z.4b",19,169.541,1.848,1.982,1.76948348776992,13.2305165122301,20,2,5,"stool","Denmark","yes",48720,"above",48720,"new","4"
"354","D42","CD034G.4",10,13.057,1.929,0.874,15,0,13.057,1,1,"stool","Denmark","no",58964,"above",58950,"old","4"
"365","D43","CD039X.2",10,36.09,1.947,1.518,15,0,36.09,1,1,"stool","Denmark","no",18534,"above",18534,"old","2"
"376","D44","CD039X.3",10,37.693,1.948,1.722,15,0,37.693,1,1,"stool","Denmark","no",25458,"above",25458,"old","3"
"381","D444","CD060H.2",19,105.832,1.86,2.131,15,0,105.832,2,5,"stool","Denmark","no",11708,"below",11708,"new","2"
"382","D445","CD060H.3",19,73.214,1.83,2.174,15,0,73.214,2,5,"stool","Denmark","no",24890,"above",24890,"new","3"
"383","D446","CD060H.4",19,64.281,1.789,2.115,15,0,64.281,2,5,"stool","Denmark","no",16394,"above",16394,"new","4"
"387","D45","CD039X.4",10,146.442,1.912,2.011,15,0,146.442,1,1,"stool","Denmark","no",15548,"above",15548,"old","4"
"398","D46","CD044X.2",10,69.049,1.927,1.705,15,0,69.049,1,1,"stool","Denmark","no",14178,"above",14178,"old","2"
"409","D47","CD044X.3",10,30.423,2.06,1.429,15,0,30.423,1,1,"stool","Denmark","no",31922,"above",31922,"old","3"
"420","D48","CD044X.4",10,90.556,1.935,1.926,15,0,90.556,1,1,"stool","Denmark","no",18941,"above",18941,"old","4"
"441","D5","CD003O.4",9,61.698,1.971,1.999,15,0,61.698,1,1,"stool","Denmark","no",31079,"above",31079,"old","4"
"443","D500","CD204J.2",20,51.087,1.881,1.897,15,0,51.087,2,6,"stool","Denmark","no",16411,"above",16411,"new","2"
"444","D501","CD204J.3x",24,7.345,3.317,1.315,15,0,7.345,2,6,"stool","Denmark","no",21110,"above",21110,"new","3"
"445","D502","CD204J.4",20,200.732,1.859,1.968,15,0,200.732,2,6,"stool","Denmark","no",15517,"above",15517,"new","4"
"475","D53","CD050Q.2",10,26.42,1.951,1.651,15,0,26.42,1,1,"stool","Denmark","no",51133,"above",51133,"old","2"
"486","D54","CD050Q.3",10,199.382,1.907,2.052,15,0,199.382,1,1,"stool","Denmark","no",12086,"below",12086,"old","3"
"497","D55","CD050Q.4",10,46.215,1.939,1.588,15,0,46.215,1,1,"stool","Denmark","no",19921,"above",19921,"old","4"
"508","D56","CD051J.2",10,81.547,1.939,1.915,15,0,81.547,1,1,"stool","Denmark","no",14863,"above",14863,"old","2"
"519","D57","CD051J.3",10,67.775,1.965,1.781,15,0,67.775,1,1,"stool","Denmark","no",34102,"above",34102,"old","3"
"528","D579","CD338H.2",22,92.336,1.926,2.024,15,0,92.336,2,7,"stool","Denmark","no",27082,"above",27082,"new","2"
"529","D58","CD051J.4",10,49.274,1.967,1.676,15,0,49.274,1,1,"stool","Denmark","no",24965,"above",24965,"old","4"
"530","D580","CD338H.3",22,58.516,1.963,2.066,15,0,58.516,2,7,"stool","Denmark","no",30286,"above",30286,"new","3"
"531","D581","CD338H.4",22,210.948,1.926,2.106,15,0,210.948,2,7,"stool","Denmark","no",14230,"above",14230,"new","4"
"532","D582","CD339A.2",22,125.226,1.887,2.193,15,0,125.226,2,7,"stool","Denmark","no",38654,"above",38654,"new","2"
"533","D583","CD339A.3",22,37.726,1.967,1.805,15,0,37.726,2,7,"stool","Denmark","no",22370,"above",22370,"new","3"
"534","D584","CD339A.4",22,48.599,1.997,1.629,15,0,48.599,2,7,"stool","Denmark","no",17630,"above",17630,"new","4"
"535","D585","CD344A.2",22,36.598,1.991,1.709,15,0,36.598,2,7,"stool","Denmark","no",27510,"above",27510,"new","2"
"536","D586","CD344A.3",22,90.728,1.955,2.02,15,0,90.728,2,7,"stool","Denmark","no",15922,"above",15922,"new","3"
"537","D587","CD344A.4",22,88.799,1.951,2.028,15,0,88.799,2,7,"stool","Denmark","no",21650,"above",21650,"new","4"
"538","D588","CD346M.2",22,49.294,1.988,1.828,15,0,49.294,2,7,"stool","Denmark","no",36979,"above",36979,"new","2"
"539","D589","CD346M.3",22,146.227,1.934,2.071,15,0,146.227,2,7,"stool","Denmark","no",7098,"below",7098,"new","3"
"540","D59","CD053V.2",10,84.538,1.93,1.878,15,0,84.538,1,1,"stool","Denmark","no",16907,"above",16907,"old","2"
"541","D590","CD346M.4",22,74.299,1.951,2.038,15,0,74.299,2,7,"stool","Denmark","no",17965,"above",17965,"new","4"
"542","D591","CD349R.2",22,12.061,2.341,1.426,15,0,12.061,2,7,"stool","Denmark","no",17903,"above",17903,"new","2"
"543","D592","CD349R.3",22,257.945,1.907,2.119,13.9564635871988,1.04353641280118,240,2,7,"stool","Denmark","no",8004,"below",8004,"new","3"
"544","D593","CD349R.4",22,264.596,1.898,2.091,13.6056478555987,1.39435214440128,240,2,7,"stool","Denmark","no",12168,"above",12168,"new","4"
"547","D596","CD350T.2",22,235.883,1.908,2.17,15,0,235.883,2,7,"stool","Denmark","no",14079,"above",14079,"new","2"
"548","D597","CD350T.3",22,104.563,1.922,2.045,15,0,104.563,2,7,"stool","Denmark","no",22505,"above",22505,"new","3"
"549","D598","CD350T.4",22,53.532,2.001,1.829,15,0,53.532,2,7,"stool","Denmark","no",13857,"above",13857,"new","4"
"550","D599","CD351M.2",22,93.903,1.933,2.106,15,0,93.903,2,7,"stool","Denmark","no",21230,"above",21230,"new","2"
"552","D60","CD053V.3",10,193.074,1.927,2.047,15,0,193.074,1,1,"stool","Denmark","no",9765,"below",9765,"old","3"
"553","D600","CD351M.3x",24,43.184,2.082,2.08,15,0,43.184,2,7,"stool","Denmark","no",17925,"above",17925,"new","3"
"554","D601","CD351M.4x",24,17.405,2.481,1.412,15,0,17.405,2,7,"stool","Denmark","no",18623,"above",18623,"new","4"
"555","D602","CD353Y.2",22,44.85,2.024,1.765,15,0,44.85,2,7,"stool","Denmark","no",22259,"above",22259,"new","2"
"556","D603","CD353Y.3",22,70.098,1.949,1.988,15,0,70.098,2,7,"stool","Denmark","no",18226,"above",18226,"new","3"
"557","D604","CD353Y.4",22,23.175,2.136,1.47,15,0,23.175,2,7,"stool","Denmark","no",30765,"above",30765,"new","4"
"563","D61","CD053V.4",10,205.229,1.885,1.907,15,0,205.229,1,1,"stool","Denmark","no",11139,"below",11139,"old","4"
"574","D70","CD058M.2",10,14.178,2.524,1.089,15,0,14.178,1,1,"stool","Denmark","no",36155,"above",36155,"old","2"
"575","D71","CD058M.3",10,78.084,1.967,2.076,15,0,78.084,1,1,"stool","Denmark","no",33857,"above",33857,"old","3"
"576","D72","CD058M.4",10,130.095,1.912,2.113,15,0,130.095,1,1,"stool","Denmark","no",38926,"above",38926,"old","4"
"577","D73","CD061A.2",10,22.387,2.27,1.301,15,0,22.387,1,1,"stool","Denmark","no",43240,"above",43240,"old","2"
"578","D74","CD061A.3",10,32.721,2.109,1.519,15,0,32.721,1,1,"stool","Denmark","no",26746,"above",26746,"old","3"
"579","D75","CD061A.4",10,146.78,1.886,1.973,15,0,146.78,1,1,"stool","Denmark","no",45074,"above",45074,"old","4"
"582","D78","CD062T.2",11,19.022,1.793,2.146,15,0,19.022,1,1,"stool","Denmark","no",31974,"above",31974,"old","2"
"583","D79","CD062T.3",11,24.114,1.842,2.022,15,0,24.114,1,1,"stool","Denmark","no",20643,"above",20643,"old","3"
"585","D80","CD062T.4",11,28.046,2.006,1.814,15,0,28.046,1,1,"stool","Denmark","no",27677,"above",27677,"old","4"
"586","D81","CD063M.2",11,33.922,1.919,2,15,0,33.922,1,1,"stool","Denmark","no",37740,"above",37740,"old","2"
"587","D82","CD063M.3",11,96.51,1.876,2.129,15,0,96.51,1,1,"stool","Denmark","no",26035,"above",26035,"old","3"
"588","D83","CD063M.4",11,49.172,1.88,2.121,15,0,49.172,1,1,"stool","Denmark","no",41582,"above",41582,"old","4"
"592","D87","CD068D.2",11,27.181,1.895,2.086,15,0,27.181,1,1,"stool","Denmark","no",56486,"above",56486,"old","2"
"593","D88","CD068D.3",11,44.087,1.875,2.084,15,0,44.087,1,1,"stool","Denmark","no",35415,"above",35415,"old","3"
"594","D89","CD068D.4",11,235.253,1.876,2.101,15,0,235.253,1,1,"stool","Denmark","no",10317,"below",10317,"old","4"
"595","D9","CD005A.2",9,94.837,1.919,2.176,15,0,94.837,1,1,"stool","Denmark","no",21014,"above",21014,"old","2"
"596","D90","CD070Y.2",11,28.007,1.934,1.917,15,0,28.007,1,1,"stool","Denmark","no",36813,"above",36813,"old","2"
"597","D91","CD070Y.3",11,29.65,1.912,1.854,15,0,29.65,1,1,"stool","Denmark","no",31647,"above",31647,"old","3"
"598","D92","CD070Y.4",11,78.185,1.899,2.064,15,0,78.185,1,1,"stool","Denmark","no",32280,"above",32280,"old","4"
"599","D93","CD071R.2",11,197.605,1.89,2.174,15,0,197.605,1,1,"stool","Denmark","no",22483,"above",22483,"old","2"
"600","D94","CD071R.3",11,168.046,1.905,2.189,15,0,168.046,1,1,"stool","Denmark","no",7011,"below",7011,"old","3"
"601","D95","CD071R.4",11,161.551,1.855,2.101,15,0,161.551,1,1,"stool","Denmark","no",14320,"above",14320,"old","4"
"603","D98","CD072K.2",11,17.41,1.848,0.649,15,0,17.41,1,2,"stool","Denmark","no",31142,"above",31142,"old","2"
"604","D99","CD072K.3",11,247.554,1.891,2.147,14.5422816839962,0.457718316003781,240,1,2,"stool","Denmark","no",25725,"above",25725,"old","3"
